{
 "7": [
  [
   0.022046539159841994,
   0.07910477558365259,
   3.9593254416538744e-20
  ],
  [
   0.05265114180727656,
   0.06159265129078326,
   -0.016035252229729343
  ],
  [
   0.06660970284111987,
   0.04449004024709853,
   -0.03764909346311855
  ],
  [
   0.0716886755352692,
   0.02473182861204114,
   -0.05540811836163057
  ],
  [
   0.049686034363354094,
   0.00024389807947255434,
   -0.060006801659513595
  ],
  [
   0.06702835978309657,
   1.4292121070994643e-19,
   -4.534072991508177e-19
  ],
  [
   0.07291298985586067,
   -0.032356697627203015,
   0.002133390239547773
  ],
  [
   0.07270988510744024,
   -0.04900894887282345,
   -0.01266155680983389
  ],
  [
   0.07197307543323797,
   -0.05427309173381593,
   -0.03698127089163275
  ],
  [
   0.04619448429795234,
   -0.012597475080863766,
   0.006637891013317967
  ],
  [
   0.04982411391529157,
   -0.043363906745327925,
   0.012700753667857945
  ],
  [
   0.048495936027185986,
   -0.05918791785994753,
   -0.004399290162635071
  ],
  [
   0.04989670124969358,
   -0.05998856318984656,
   -0.029408533236979784
  ],
  [
   0.01998496122201901,
   -0.007057131293952872,
   0.005438834723131593
  ],
  [
   0.024326898610728433,
   -0.03562828621422636,
   0.006479457182339144
  ],
  [
   0.02279735384273317,
   -0.0526952809834713,
   -0.011555257609207024
  ],
  [
   0.026289601555903364,
   -0.04743184055555826,
   -0.03550069206578698
  ],
  [
   0.0,
   0.0,
   0.0
  ],
  [
   -0.0022199625073590318,
   -0.01727638654325799,
   -0.012061173591534215
  ],
  [
   -0.0044498001727450425,
   -0.025942308941403036,
   -0.02884473041509818
  ],
  [
   0.0001317111052383308,
   -0.022807976788195967,
   -0.04867325853601271
  ]
 ],
 "36": [
  [
   0.02206053155153682,
   0.07892353052232799,
   -6.899756877184008e-19
  ],
  [
   0.05269469192253677,
   0.06152594376937617,
   -0.016087763906468537
  ],
  [
   0.07403013375431869,
   0.044838106623412796,
   -0.030048493531400555
  ],
  [
   0.08898845070019912,
   0.02657185796700819,
   -0.04273774048030177
  ],
  [
   0.10068742525429679,
   -0.002572613273552416,
   -0.05838295215460656
  ],
  [
   0.06712916423815785,
   6.214829821875087e-19,
   5.967025983968724e-19
  ],
  [
   0.08325911064663116,
   -0.02767843436984182,
   -0.007876662647256966
  ],
  [
   0.0888761378529329,
   -0.041313503099774385,
   -0.024470293806114797
  ],
  [
   0.08876654570007377,
   -0.04823327389264224,
   -0.0485511191204155
  ],
  [
   0.04626298291888124,
   -0.01261282367705725,
   0.006647836441469326
  ],
  [
   0.050586809344679184,
   -0.04365572773847842,
   0.007819770089927484
  ],
  [
   0.052164323230709034,
   -0.05835313070213323,
   -0.009983773108127422
  ],
  [
   0.05498871022242731,
   -0.06340378456999228,
   -0.034577041638058234
  ],
  [
   0.020006406444801946,
   -0.00707617673544704,
   0.0054150275644066674
  ],
  [
   0.025376896766242975,
   -0.034985081341293696,
   0.005470816467939634
  ],
  [
   0.027571900009563943,
   -0.05425749215193828,
   -0.009398180521602928
  ],
  [
   0.03303781764330603,
   -0.0637219180162429,
   -0.03176507772943697
  ],
  [
   0.0,
   0.0,
   0.0
  ],
  [
   -0.003457930666479586,
   -0.01985853944102449,
   -0.005543764360307415
  ],
  [
   -0.006051755981045278,
   -0.03411181342639197,
   -0.016606912050927937
  ],
  [
   -0.0035876420965878916,
   -0.04393357411864078,
   -0.031091727873763002
  ]
 ],
 "51": [
  [
   0.021817735506555063,
   0.07871462244505237,
   -2.1716249984647706e-18
  ],
  [
   0.05222200866338319,
   0.061306524375931204,
   -0.015990981002747488
  ],
  [
   0.06715018325861798,
   0.04184896439925388,
   -0.03458279392666482
  ],
  [
   0.07322769596878508,
   0.021900214356750568,
   -0.051893453219260706
  ],
  [
   0.08304450330762664,
   -0.0018424917221258022,
   -0.07700398882413802
  ],
  [
   0.06671729171516255,
   9.407496348685894e-19,
   5.133577347598819e-19
  ],
  [
   0.07515310068806784,
   -0.031947711834444774,
   0.0009844599499446898
  ],
  [
   0.07779133045864324,
   -0.05152603062454778,
   -0.009010803699839608
  ],
  [
   0.07965534137479807,
   -0.07151488911619171,
   -0.023810948540917212
  ],
  [
   0.04599687586002746,
   -0.01258153824801961,
   0.006609519258433271
  ],
  [
   0.04644382956078266,
   -0.043791344056874425,
   0.012201093124393
  ],
  [
   0.046476198988577196,
   -0.06461535375961366,
   0.002329462582361718
  ],
  [
   0.048899747203199666,
   -0.08278041991963798,
   -0.014784659940286046
  ],
  [
   0.019894549238450483,
   -0.007046506036840362,
   0.005354975820464788
  ],
  [
   0.020721424659373464,
   -0.03587335843827402,
   0.00506774869265735
  ],
  [
   0.018830117391728532,
   -0.05878057852368178,
   -0.0039579238861182624
  ],
  [
   0.020301148630742748,
   -0.08048594837925474,
   -0.016402194497433728
  ],
  [
   0.0,
   0.0,
   0.0
  ],
  [
   -0.008571603946313462,
   -0.01838631707339744,
   -0.005585532419832301
  ],
  [
   -0.01801568943932291,
   -0.03400092773932192,
   -0.010476224248548213
  ],
  [
   -0.025994476015137977,
   -0.05245044215865727,
   -0.014762911910179588
  ]
 ],
 "68": [
  [
   0.022164071106672466,
   0.07894773289021885,
   -4.1507416742319014e-19
  ],
  [
   0.05270530372478175,
   0.06148767838549364,
   -0.016044259180176997
  ],
  [
   0.060921041561596175,
   0.0417901299620218,
   -0.03834540170355728
  ],
  [
   0.06958271349536892,
   0.023748431276355682,
   -0.056682155373862106
  ],
  [
   0.09033793773073515,
   0.0026725898648705866,
   -0.07810434571231469
  ],
  [
   0.06709040019702446,
   -5.041257925758158e-19,
   2.845200005182809e-19
  ],
  [
   0.0728499025202815,
   -0.03111672413218278,
   -0.009330716704603146
  ],
  [
   0.07252706529804873,
   -0.04799681067954693,
   -0.023736590205881414
  ],
  [
   0.06727786012619517,
   -0.06181918034791307,
   -0.0441499687631811
  ],
  [
   0.04622187398903426,
   -0.012610009485628702,
   0.006647731488233426
  ],
  [
   0.04200333330097869,
   -0.04327514465603093,
   0.00045239034157552746
  ],
  [
   0.03775661944338572,
   -0.05900594117668773,
   -0.01616386530994091
  ],
  [
   0.03537765913275027,
   -0.06982562031082208,
   -0.03924604492054398
  ],
  [
   0.019990819784437595,
   -0.007063510438692453,
   0.005437356525209138
  ],
  [
   0.015665702473123776,
   -0.030746821591420913,
   -0.010355378344787143
  ],
  [
   0.011082592001258145,
   -0.04234872115531746,
   -0.03177457551511663
  ],
  [
   0.010141342605759312,
   -0.04356884346104971,
   -0.05699012795908011
  ],
  [
   0.0,
   0.0,
   0.0
  ],
  [
   -0.0013310953410781918,
   -0.009828738797466683,
   -0.018561994950159175
  ],
  [
   -0.004712434042422658,
   -0.0158447827086685,
   -0.03622650984413042
  ],
  [
   -0.005263157915498745,
   -0.0212501007705327,
   -0.05653637772038151
  ]
 ]
}