{
    "0": [
     [
      0.022426409173854703,
      0.07869945328514051,
      1.9559643249080363e-18
     ],
     [
      0.05279600291395062,
      0.061345430445805885,
      -0.015820878939587602
     ],
     [
      0.06211842063881302,
      0.03945100289624367,
      -0.03407260969021962
     ],
     [
      0.06973006209033224,
      0.020860380519033325,
      -0.05094118149954928
     ],
     [
      0.0849870412689499,
      0.011844801894097305,
      -0.07809388218367985
     ],
     [
      0.066667680542943,
      3.1454751096508344e-18,
      -3.746757026915842e-18
     ],
     [
      0.07753108524780124,
      -0.03022425845052597,
      -0.007716988854109564
     ],
     [
      0.0843424824802085,
      -0.04871541304030797,
      -0.017834771119759372
     ],
     [
      0.09146220535681689,
      -0.0689222375614924,
      -0.030629930536653856
     ],
     [
      0.04589497796718546,
      -0.012622755282299006,
      0.006520650611915833
     ],
     [
      0.047519233126209086,
      -0.04302390882220715,
      -0.002276342321662951
     ],
     [
      0.04802474896318345,
      -0.06436034842206258,
      -0.011757392043818657
     ],
     [
      0.04858097831863404,
      -0.08822277416432482,
      -0.02324711172484243
     ],
     [
      0.019861467669693437,
      -0.007117304375382732,
      0.0053274754556501104
     ],
     [
      0.02141225484312938,
      -0.03470263628489125,
      -0.003139030376871047
     ],
     [
      0.019704794267512003,
      -0.057426751088340354,
      -0.01317377008976557
     ],
     [
      0.017547449829800523,
      -0.07901741631147233,
      -0.027381107984963866
     ],
     [
      0.0,
      0.0,
      0.0
     ],
     [
      -0.004164913154900478,
      -0.01966513289332891,
      -0.006273638528054181
     ],
     [
      -0.011285711510222644,
      -0.03627704004218384,
      -0.011779555135879938
     ],
     [
      -0.017401244771553998,
      -0.05424960559792603,
      -0.019277560817743605
     ]
    ],
    "14": [
     [
      0.02284071000149146,
      0.07871216776644702,
      -3.401200115946973e-19
     ],
     [
      0.053174081072129134,
      0.06138239069732623,
      -0.015813601586936017
     ],
     [
      0.061498639830274246,
      0.0399442605652305,
      -0.033728597987256935
     ],
     [
      0.06756621788319998,
      0.02153116441095261,
      -0.050322654189841394
     ],
     [
      0.07948746390892543,
      0.008284486802784869,
      -0.07443441482448071
     ],
     [
      0.06669675775526361,
      -9.521532974348406e-20,
      1.7178596248339338e-18
     ],
     [
      0.07443569398381342,
      -0.031692411195023355,
      -0.0042436368944371045
     ],
     [
      0.0799468875934049,
      -0.05205779697307294,
      -0.010772912294998709
     ],
     [
      0.0869704250358914,
      -0.07410962830153221,
      -0.01788134910146274
     ],
     [
      0.04587263065141147,
      -0.012612132932970446,
      0.006479668590716573
     ],
     [
      0.04937007687974673,
      -0.04261808685560598,
      -0.0025764214854881594
     ],
     [
      0.051728716248877,
      -0.06435570172860042,
      -0.010676906724018323
     ],
     [
      0.054789163741427394,
      -0.0883567360736062,
      -0.02022429066361435
     ],
     [
      0.019849801440785093,
      -0.007114902306840909,
      0.005322955706882064
     ],
     [
      0.023218110462500892,
      -0.03444328959656932,
      -0.0034241343143453936
     ],
     [
      0.022465740206749074,
      -0.05641779148695473,
      -0.01483731034874481
     ],
     [
      0.02181075878687027,
      -0.07433587629256794,
      -0.03198320236012221
     ],
     [
      0.0,
      0.0,
      0.0
     ],
     [
      -0.002818019265785791,
      -0.018166826038763333,
      -0.009889491502216042
     ],
     [
      -0.00874747594622867,
      -0.03338657277119762,
      -0.019120132168751247
     ],
     [
      -0.015086008902581705,
      -0.050499290164681215,
      -0.031068473902032517
     ]
    ]
   }