{
 "1": [
  [
   0.02190703208934657,
   0.07902749003666419,
   -3.521795759265e-19
  ],
  [
   0.05238761936899146,
   0.06161033848209547,
   -0.015922846950735547
  ],
  [
   0.06668358286002082,
   0.03687415397525389,
   -0.026847915849098056
  ],
  [
   0.06786347037567121,
   0.010505138644177493,
   -0.03266441132894383
  ],
  [
   0.05272927611555225,
   -0.016450316469502797,
   -0.045173521742282244
  ],
  [
   0.06673032384917715,
   -8.85766907929886e-20,
   -9.959843025006417e-20
  ],
  [
   0.07447022476853243,
   -0.031664797798006426,
   -0.0034635749869457388
  ],
  [
   0.07561161771770708,
   -0.040448435962623666,
   -0.023491512499262995
  ],
  [
   0.07458460133389859,
   -0.032034091545371776,
   -0.04606256100759751
  ],
  [
   0.0459852682762582,
   -0.012611030165464386,
   0.006579752335335132
  ],
  [
   0.04047711789195439,
   -0.04163440368270295,
   -0.0035986484741067724
  ],
  [
   0.041351703818599476,
   -0.04183617932384867,
   -0.026269653353876633
  ],
  [
   0.048268299986320214,
   -0.029331740605929156,
   -0.0462596967474711
  ],
  [
   0.019900493204007545,
   -0.007077643474051333,
   0.005385098928539323
  ],
  [
   0.02230450858997359,
   -0.023058710913409625,
   -0.018120168848677443
  ],
  [
   0.026299015387459962,
   -0.007515362069721338,
   -0.036832289492641744
  ],
  [
   0.032228613073776384,
   0.013448034722541103,
   -0.049015414765177324
  ],
  [
   0.0,
   0.0,
   0.0
  ],
  [
   0.007779710539920868,
   -0.009689136865075242,
   -0.016230347769108543
  ],
  [
   0.01206009098110638,
   0.0007710333259938523,
   -0.03119456445962128
  ],
  [
   0.01560486811122534,
   0.016770702320053784,
   -0.040927190505466005
  ]
 ],
 "3": [
  [
   0.022112057058936284,
   0.07902471415766173,
   -4.5179171025230195e-19
  ],
  [
   0.05268463943274862,
   0.061587741888543046,
   -0.016043211386595528
  ],
  [
   0.06482354663682968,
   0.03883289230752268,
   -0.0321397550733199
  ],
  [
   0.06505956418257841,
   0.01391129459961544,
   -0.04125529505799074
  ],
  [
   0.03757591417175026,
   -0.0040078799290504535,
   -0.03934678314528045
  ],
  [
   0.06706442384212644,
   -3.565005735120096e-19,
   1.5827235480721085e-19
  ],
  [
   0.06884604067723893,
   -0.031123108033420662,
   -0.010317530204172353
  ],
  [
   0.06196105497473886,
   -0.029476027466723575,
   -0.03088913114279415
  ],
  [
   0.06287496385296845,
   -0.011670433386071627,
   -0.04504621021164125
  ],
  [
   0.046228047643092185,
   -0.012641577528632722,
   0.006598799683041189
  ],
  [
   0.04753545103426029,
   -0.039465191456166435,
   -0.009885132711542805
  ],
  [
   0.043658168747282115,
   -0.031455183107847555,
   -0.030939152467009182
  ],
  [
   0.04777825296191226,
   -0.009296282067662089,
   -0.03903834682743258
  ],
  [
   0.019995010007237753,
   -0.007095999904168474,
   0.005374172887385398
  ],
  [
   0.021838006431230444,
   -0.019426003125156365,
   -0.019881139688812475
  ],
  [
   0.022589577250040748,
   0.0008999493575320127,
   -0.033002190100989134
  ],
  [
   0.03188325317335745,
   0.02231817729189152,
   -0.027627536501129635
  ],
  [
   0.0,
   0.0,
   0.0
  ],
  [
   0.0013806826253322866,
   -0.0037381045337476597,
   -0.020162226761012148
  ],
  [
   0.004996413502553515,
   0.013673570585633926,
   -0.025973060311098986
  ],
  [
   0.013221826932463826,
   0.027828256243739274,
   -0.01656570985241671
  ]
 ],
 "8": [
  [
   0.021866011034823038,
   0.07882469855158447,
   -5.423269950127196e-20
  ],
  [
   0.052346932261821,
   0.06143499286827752,
   -0.015977252456110855
  ],
  [
   0.059010658358405216,
   0.04126496744758493,
   -0.038171437199852554
  ],
  [
   0.044129440890012285,
   0.02122881431232108,
   -0.04818021132973
  ],
  [
   0.013802862765345437,
   0.0062504584584301475,
   -0.04072909855586462
  ],
  [
   0.06680370454610243,
   3.3619047865700205e-19,
   5.6496630629146665e-19
  ],
  [
   0.07607900203840892,
   -0.03129789530675936,
   -0.003560440832596048
  ],
  [
   0.07284415685670173,
   -0.03886321225050834,
   -0.023988351785046606
  ],
  [
   0.0652790036876799,
   -0.029789170474153668,
   -0.04525756374939154
  ],
  [
   0.04603096911418864,
   -0.012578603695184987,
   0.006594783954076623
  ],
  [
   0.04588121883136049,
   -0.04332526173730871,
   0.0006476562626869687
  ],
  [
   0.042215684786548975,
   -0.04425312479496775,
   -0.02224879617466476
  ],
  [
   0.04037765686218206,
   -0.029199226969174628,
   -0.04222765170967917
  ],
  [
   0.01990631920295185,
   -0.007041365426160595,
   0.0053632078862754125
  ],
  [
   0.018683366177587885,
   -0.013600934137510241,
   -0.02266531257646859
  ],
  [
   0.02104476527177001,
   0.008703418722661902,
   -0.03270831846835488
  ],
  [
   0.026430051297967095,
   0.0316177912253088,
   -0.024527394318158802
  ],
  [
   0.0,
   0.0,
   0.0
  ],
  [
   0.0031833417261815386,
   0.0042912058869081955,
   -0.020351794002863046
  ],
  [
   0.008543487879387303,
   0.021602164114670648,
   -0.024484007740855716
  ],
  [
   0.013127320532346338,
   0.03566301172678613,
   -0.01181733723360767
  ]
 ]
}