{"10": [[0.021855788650878807, 0.07854619373280078, 2.3433475470002495e-19], [0.052139728394619195, 0.06119153627182827, -0.015804682229089036], [0.06851690152164291, 0.03925180637832591, -0.029118237777874412], [0.07171658708285533, 0.014331148506479225, -0.03834388618787945], [0.07352099165338982, -0.020523114739290412, -0.03769496897786583], [0.06631604850758867, 1.0292936092327142e-19, 4.564834540918349e-20], [0.06225597717872355, -0.02428709261507366, -0.021380990751793366], [0.05846628603216578, -0.03337418860716252, -0.040813778416587586], [0.052404070834508765, -0.036731088547713175, -0.06415101141294872], [0.04570376106194522, -0.012525489505246856, 0.006493016337228544], [0.04023227161969048, -0.028667016636124736, -0.01953808757562334], [0.03769454828747112, -0.012778032167565257, -0.03548153219096558], [0.035065346401834216, 0.011256985047056205, -0.04009184709134767], [0.019785655122721058, -0.00701980534675373, 0.0053101987276611565], [0.022129623977074686, -0.019608958337094196, -0.020043750233063706], [0.020731218545668152, -0.0008290346445870818, -0.03557764722356629], [0.016306574010062164, 0.022543997324904298, -0.042364354292528904], [0.0, 0.0, 0.0], [0.005506150099710637, -0.008245260983146754, -0.018258680758577193], [0.004689071937613119, 0.0048919055143971015, -0.031496946550985346], [0.0022003328221691485, 0.02201173753577316, -0.03552378280053635]], 
 "15": [[0.021905559512991616, 0.07881518472205422, -1.178469672804119e-20], [0.052358994281079284, 0.06139302010581426, -0.01589917845446931], [0.06307715064986383, 0.03844524497334789, -0.03234586705929207], [0.06226187928988858, 0.014690669034508792, -0.0445332285696182], [0.043074315403637375, -0.012229052037134036, -0.05006716011963246], [0.06663880981346895, -1.520322495177335e-19, -1.3182285181474236e-19], [0.0694699804038672, -0.03228603526427476, 0.0025071895610377713], [0.06929325411079756, -0.0538294920969781, 0.00033498182777752533], [0.07305430758741373, -0.0775436347753443, -0.0009757265345146378], [0.04593715385504791, -0.01258027435437021, 0.006519044979388526], [0.039612198554745445, -0.02408345074019843, -0.021522283865640413], [0.0375961396166733, -0.006877530637717698, -0.03610549525651663], [0.04238307952636741, 0.016723752388287244, -0.03651765350103768], [0.019879106633402453, -0.007055943100513865, 0.005333066288441836], [0.021399463967413206, -0.016946907043562536, -0.02105738200007639], [0.023056622168930445, 0.0031244998909994476, -0.03520893215227974], [0.030086871951143766, 0.02637035115795847, -0.03414691013630224], [0.0, 0.0, 0.0], [0.003950283032892009, -0.008110375227692087, -0.018193213650808962], [0.006699727746585962, 0.006103103671400432, -0.029902455476568675], [0.011378995276999279, 0.023423238606853324, -0.027209777561356844]], 
 "16": [[0.022296898413516276, 0.07889230385623275, -7.329354007113525e-20], [0.05259687900075304, 0.06143717423138431, -0.016092451172769456], [0.0611048362662099, 0.03718351970527167, -0.03275550547900932], [0.058779779358989724, 0.013430771846662845, -0.04521415124365449], [0.05267792010458885, -0.01931830530329412, -0.051862554309378084], [0.06667236152534922, -1.4034790337706762e-19, -1.1751826526952145e-19], [0.06607878800501253, -0.026312302685240926, -0.019668839656055485], [0.06481389348413186, -0.03929196926267614, -0.03743297807983802], [0.0624459670525363, -0.049854343267304695, -0.05993454125491812], [0.045934765130737756, -0.012591854564020113, 0.006561004562579931], [0.04270436245816295, -0.027611987370252243, -0.020897617651022937], [0.04036230977131029, -0.010237990711060593, -0.035798070007545105], [0.03828670300275913, 0.01435182724009526, -0.03733158144158701], [0.01986118537479348, -0.007046613573228522, 0.005347709718948044], [0.023968740058480792, -0.019935595378496193, -0.020006799027063364], [0.022794172211642327, -0.0003319184117001259, -0.0350353080160126], [0.02012625243840778, 0.023842237289537604, -0.03800448709531215], [0.0, 0.0, 0.0], [0.006024125777721758, -0.007363249617086392, -0.01862185739958109], [0.006419370567313346, 0.00638440987621423, -0.03140381375018135], [0.005525056299550336, 0.02348943764359985, -0.03322787018245571]], 
 "30": [[0.02190109253836881, 0.07884266446914386, 1.4052168468365737e-19], [0.05248897927726362, 0.06142796121407618, -0.01593737197176825], [0.06893266436831395, 0.03756614389164566, -0.024227460693896113], [0.06964267507970388, 0.011399124819921677, -0.02866336595382885], [0.06141972524698905, -0.010095227712605116, -0.04886340065017564], [0.06689767476320997, -1.6034315049781458e-19, -4.776159300676452e-20], [0.07565765250865475, -0.031025370947675695, -0.00390867239657105], [0.08036401074776059, -0.05059456382365644, -0.011890092688005366], [0.08752341503467033, -0.07231678561840231, -0.020552715803993385], [0.04610706891723806, -0.012576714534097738, 0.0065756391064850294], [0.04114177300780559, -0.026454873450931574, -0.020355070497951794], [0.04072723720866435, -0.00972403317188907, -0.0360504514770992], [0.04367139428242298, 0.010995825465636724, -0.04805681365505904], [0.019948233082681725, -0.007052728736434145, 0.005381401650418564], [0.020817356691475282, -0.018897169000810905, -0.01981529089304627], [0.021502243922115475, -0.0010134875849717405, -0.03667126281683235], [0.024690457217916212, 0.018673720207421314, -0.05044442033760363], [0.0, 0.0, 0.0], [0.002165893658599709, -0.008741428805665708, -0.01779268885891218], [0.0037466740749619366, 0.0036397008155332625, -0.03175060067911882], [0.006474019505672764, 0.0190714950450578, -0.04074947716191479]]}