{
 "3": [
  [
   0.02201328281505823,
   0.07907741691254672,
   1.2336554753621978e-20
  ],
  [
   0.0525438363926991,
   0.06162377810298432,
   -0.016007100172928047
  ],
  [
   0.06489472723799145,
   0.03477174813433458,
   -0.023534732472274673
  ],
  [
   0.06427168475753614,
   0.008506214808466845,
   -0.028641524680830754
  ],
  [
   0.05113420059062456,
   -0.020690230321626472,
   -0.03887002076355324
  ],
  [
   0.06685366766868138,
   4.162634984892189e-19,
   9.418576336219425e-20
  ],
  [
   0.06734029165537682,
   -0.032169494197136876,
   -0.007276773606620161
  ],
  [
   0.06760741815873278,
   -0.052035091983521756,
   -0.017000061007480805
  ],
  [
   0.07049009223222126,
   -0.07241217532743964,
   -0.030550446562195525
  ],
  [
   0.04606186880089147,
   -0.012596835002081204,
   0.006560266305964557
  ],
  [
   0.04830229041526056,
   -0.04162891526963858,
   -0.005814086446208721
  ],
  [
   0.049792969174923506,
   -0.060614950420063804,
   -0.01833820470105888
  ],
  [
   0.054302821883899476,
   -0.08089983803842214,
   -0.03245314536941925
  ],
  [
   0.01992871916061076,
   -0.007049234113117794,
   0.005364640063452549
  ],
  [
   0.023623766637071456,
   -0.02865560267279938,
   -0.013003353311448047
  ],
  [
   0.02494662054572522,
   -0.0176569436578167,
   -0.03468370723604914
  ],
  [
   0.03012031021333205,
   0.004080907757905249,
   -0.043982371280484156
  ],
  [
   0.0,
   0.0,
   0.0
  ],
  [
   0.005712476825267718,
   -0.012464901677169484,
   -0.015280990612226422
  ],
  [
   0.010013612975780907,
   -0.0049729039146118904,
   -0.03188641873252536
  ],
  [
   0.014936447519718118,
   0.011226775014904574,
   -0.04029331178556315
  ]
 ],
 "4": [
  [
   0.021513499829818167,
   0.07864904798621106,
   -8.388714572182644e-20
  ],
  [
   0.05197482079544059,
   0.06132363127730485,
   -0.015887385001733433
  ],
  [
   0.06376725462414413,
   0.03695503174197392,
   -0.028743666277570638
  ],
  [
   0.06035700806957084,
   0.011714973708752867,
   -0.036584760415831655
  ],
  [
   0.039137078656671036,
   -0.01496160967383049,
   -0.035436233333871435
  ],
  [
   0.06656142608621526,
   1.3840301992777384e-19,
   1.071840064021481e-19
  ],
  [
   0.0672918692534119,
   -0.02956413347798434,
   -0.013369485447825296
  ],
  [
   0.06642173168211199,
   -0.04564493949174907,
   -0.027912368660144172
  ],
  [
   0.06574889067701266,
   -0.05816516202380906,
   -0.04752943358449654
  ],
  [
   0.04593245971840895,
   -0.012559123386170462,
   0.006508806979273494
  ],
  [
   0.04835880069955491,
   -0.03710044545107229,
   -0.012011225029923182
  ],
  [
   0.048925048277510645,
   -0.05035961035039634,
   -0.030305857710884686
  ],
  [
   0.05120441802551584,
   -0.06048275483710205,
   -0.051380061267798635
  ],
  [
   0.01987850796720321,
   -0.007034964053706783,
   0.005316967367631646
  ],
  [
   0.025952371874311986,
   -0.021521418984251948,
   -0.017384280868767345
  ],
  [
   0.02700085649538942,
   -0.005823638807097804,
   -0.03559189049083533
  ],
  [
   0.029384588514294468,
   0.017650439544272672,
   -0.03677263873482652
  ],
  [
   0.0,
   0.0,
   0.0
  ],
  [
   0.006012806000154185,
   -0.008036189739559229,
   -0.01794905726801821
  ],
  [
   0.009679543253876648,
   0.004268740274951918,
   -0.031423991589207445
  ],
  [
   0.013801609620460564,
   0.02223410922956681,
   -0.03302596608047888
  ]
 ],
 "7": [
  [
   0.0222536115459268,
   0.07892281101779076,
   3.1518395811930774e-19
  ],
  [
   0.05268836017833432,
   0.061491058289589555,
   -0.015966766870766973
  ],
  [
   0.05643797439867839,
   0.03629379772564723,
   -0.03278635808276577
  ],
  [
   0.05036500406873816,
   0.012315275432527835,
   -0.04323165985612398
  ],
  [
   0.029265689242266923,
   -0.013713826133856466,
   -0.05159387248977185
  ],
  [
   0.06681751396157974,
   2.7365210504668766e-19,
   2.478019398223069e-19
  ],
  [
   0.07146111670928862,
   -0.03243555699744224,
   -0.002851022019766858
  ],
  [
   0.0730820515756763,
   -0.0538406025766755,
   -0.00823130653565559
  ],
  [
   0.07782705720080504,
   -0.07766363474924895,
   -0.012529215825612233
  ],
  [
   0.04601764487113618,
   -0.012612871134465742,
   0.006550098820116507
  ],
  [
   0.05339442014501877,
   -0.04297279716223312,
   0.001953902923140182
  ],
  [
   0.0576276353291483,
   -0.0650419474233134,
   -0.003804939793284182
  ],
  [
   0.06555130574940204,
   -0.08937327225911731,
   -0.0075539427100298605
  ],
  [
   0.019907520632936285,
   -0.007076458584567511,
   0.005342022860016367
  ],
  [
   0.026233627244725673,
   -0.027850560590565468,
   -0.012520097103964921
  ],
  [
   0.02636456693079495,
   -0.016745056953892407,
   -0.03445150694992997
  ],
  [
   0.03066488817591036,
   0.006532511657947725,
   -0.038935394992450176
  ],
  [
   0.0,
   0.0,
   0.0
  ],
  [
   0.005032726097761739,
   -0.011413736984713362,
   -0.016366979011954542
  ],
  [
   0.009605020204461924,
   -0.00553461118805511,
   -0.033532032772948986
  ],
  [
   0.01723925418885537,
   0.009465426512248527,
   -0.04280665218320403
  ]
 ],
 "8": [
  [
   0.02227030598864835,
   0.07838775390189276,
   -1.8964507145901113e-20
  ],
  [
   0.05257956669224619,
   0.061093388877069714,
   -0.015818406910693337
  ],
  [
   0.06085011661289473,
   0.03735320424169502,
   -0.03242492081536418
  ],
  [
   0.05455717637462363,
   0.014635768287469198,
   -0.04414261268158868
  ],
  [
   0.03124414627983938,
   -0.007676626115341533,
   -0.044443122482188575
  ],
  [
   0.0664587554607597,
   3.7955686150078965e-19,
   4.219898496978735e-19
  ],
  [
   0.05991063529764297,
   -0.02281653430759062,
   -0.021566149193112564
  ],
  [
   0.05389902547123056,
   -0.03058364154935013,
   -0.040944614609481164
  ],
  [
   0.050573305365066115,
   -0.03375058408770047,
   -0.06437932010159575
  ],
  [
   0.04574393144061008,
   -0.012507479712046438,
   0.00646023641296149
  ],
  [
   0.04241998648552475,
   -0.02723595079005168,
   -0.020074622570879715
  ],
  [
   0.03856151005841129,
   -0.03263122215263484,
   -0.04183354008571009
  ],
  [
   0.03634283718255882,
   -0.03682253838097335,
   -0.06624759868908359
  ],
  [
   0.019786565639611172,
   -0.007010173759330963,
   0.005282745016587971
  ],
  [
   0.022618419913968485,
   -0.01176673370388916,
   -0.02225688109196617
  ],
  [
   0.023240974282171388,
   0.00945179566561169,
   -0.03437958376303226
  ],
  [
   0.029329201465305817,
   0.032320122768861266,
   -0.029306467432399907
  ],
  [
   0.0,
   0.0,
   0.0
  ],
  [
   0.004900375610723265,
   -0.0018258880028063583,
   -0.020014936876842873
  ],
  [
   0.00844001112187985,
   0.01397981943988556,
   -0.028878362465726917
  ],
  [
   0.013524077070215298,
   0.03148089103257955,
   -0.02291073501943543
  ]
 ]
}