{
 "13": [
  [
   0.022316428168576194,
   0.07949278859216714,
   2.843339145732122e-19
  ],
  [
   0.053036988782283766,
   0.06196324728870699,
   -0.01623621833846112
  ],
  [
   0.07093391265271771,
   0.04361457291951321,
   -0.033768232634185234
  ],
  [
   0.0786198404403257,
   0.02426694334882254,
   -0.05135271214201416
  ],
  [
   0.06910317874711847,
   -0.0006761949175261622,
   -0.07426874523177
  ],
  [
   0.06741245339383502,
   8.114388543945962e-20,
   2.6620374611592993e-20
  ],
  [
   0.07116016698657888,
   -0.021112540696435908,
   -0.0253973914713949
  ],
  [
   0.06943387828056258,
   -0.009526223851237931,
   -0.044267329164550104
  ],
  [
   0.06682550659685621,
   0.00977499847419732,
   -0.05973382517754733
  ],
  [
   0.04646903078843667,
   -0.012717228970021355,
   0.006615022941458865
  ],
  [
   0.04682944703774236,
   -0.043099406070568405,
   -0.0033071089416517067
  ],
  [
   0.0477842990225969,
   -0.06424151740458837,
   -0.013191225626938476
  ],
  [
   0.04934427379009525,
   -0.08955958458631882,
   -0.01953335661009611
  ],
  [
   0.020090709836780664,
   -0.007140015819611783,
   0.0053881244745082124
  ],
  [
   0.022766665755495182,
   -0.03620058620163445,
   0.006715785688074511
  ],
  [
   0.02281011771941644,
   -0.061166225098694786,
   0.004185360581300309
  ],
  [
   0.02404461397300433,
   -0.08697329980142834,
   0.0033908142320695743
  ],
  [
   0.0,
   0.0,
   0.0
  ],
  [
   -0.0001661708995803792,
   -0.020204680077620503,
   0.005729071827759328
  ],
  [
   -0.0003742938320890007,
   -0.03865654690581779,
   0.008536178871493279
  ],
  [
   0.001403630004987354,
   -0.05966274533673565,
   0.008208960375421055
  ]
 ],
 "18": [
  [
   0.02211071996640122,
   0.07853467802043645,
   -4.476578573379206e-19
  ],
  [
   0.05233767177529599,
   0.06116279610899392,
   -0.015820551516846606
  ],
  [
   0.06543221534435029,
   0.03818719797819576,
   -0.030627989167399155
  ],
  [
   0.06730618798718584,
   0.01588875899279759,
   -0.04491277492563286
  ],
  [
   0.05733390741553793,
   -0.009886378566799615,
   -0.06386549154348349
  ],
  [
   0.06634237519482604,
   -2.707639485024426e-20,
   5.322115901105609e-19
  ],
  [
   0.06593112960657004,
   -0.018602353924052777,
   -0.026727838824019193
  ],
  [
   0.06322708531690482,
   -0.01762946671269373,
   -0.048261793523562364
  ],
  [
   0.06112044181679157,
   -0.010135423201106457,
   -0.07134083855095748
  ],
  [
   0.045733968360823614,
   -0.012582609596444404,
   0.0064728246371831034
  ],
  [
   0.04747311144535852,
   -0.038706992257003414,
   -0.010681453549004287
  ],
  [
   0.048227123890070465,
   -0.05535129820376761,
   -0.026428675312840696
  ],
  [
   0.05007942784707963,
   -0.07361513434479668,
   -0.04403612455692471
  ],
  [
   0.019796606729123783,
   -0.007083233017593171,
   0.00525751310981042
  ],
  [
   0.023300529642253612,
   -0.03490036861611087,
   0.00025368997766931755
  ],
  [
   0.023684729489794182,
   -0.05777393128805319,
   -0.008457853808360382
  ],
  [
   0.025951940410414657,
   -0.07999229475500876,
   -0.019815716880913117
  ],
  [
   0.0,
   0.0,
   0.0
  ],
  [
   -0.0041599877288404355,
   -0.02025564795564945,
   0.00041208034714509376
  ],
  [
   -0.009518290154706536,
   -0.03788739669173277,
   -0.0006332952981814162
  ],
  [
   -0.01237036017761353,
   -0.05662475428001456,
   -0.004644583867105923
  ]
 ]
}