{
 "11": [
  [
   0.022062870038305673,
   0.07889739804624428,
   2.043126356696063e-19
  ],
  [
   0.05256977875970679,
   0.06148994283722958,
   -0.015948478202759218
  ],
  [
   0.06757991179821551,
   0.04510501002696002,
   -0.03709525298525467
  ],
  [
   0.07691080291588065,
   0.02705907974965217,
   -0.0546630572748056
  ],
  [
   0.08719669980063453,
   -0.004515593560753366,
   -0.06786759245825953
  ],
  [
   0.06672510697952871,
   -3.440611433281415e-20,
   6.261226184910216e-20
  ],
  [
   0.06067363418779834,
   -0.03222851767607497,
   0.0025514600670795886
  ],
  [
   0.05638405955878641,
   -0.0482282422106873,
   -0.012116023257405217
  ],
  [
   0.054534365779460824,
   -0.05573300012377779,
   -0.035429196320637214
  ],
  [
   0.045979041398300786,
   -0.012582433847364842,
   0.006516116430616249
  ],
  [
   0.038961130466608034,
   -0.02663584556508457,
   -0.020876654534604116
  ],
  [
   0.03879657938762454,
   -0.008726086635814525,
   -0.03532125321461045
  ],
  [
   0.04250074212655062,
   0.015683464159800233,
   -0.03792692652068186
  ],
  [
   0.019896889555669327,
   -0.007060288701281222,
   0.005315284334312976
  ],
  [
   0.02307025292885645,
   -0.01678511534083162,
   -0.0215756224521373
  ],
  [
   0.02421459113007403,
   0.004392413482729523,
   -0.03425060759567868
  ],
  [
   0.026368661865727793,
   0.02930818534692751,
   -0.03710774356943383
  ],
  [
   0.0,
   0.0,
   0.0
  ],
  [
   0.005820255102363205,
   -0.007415007966156524,
   -0.01881298152731455
  ],
  [
   0.00753273127687562,
   0.008764507479431716,
   -0.028411915017215055
  ],
  [
   0.008971297514644315,
   0.0272428371204248,
   -0.0267160771401299
  ]
 ],
 "12": [
  [
   0.022070422529034267,
   0.07916430947094551,
   -1.0481070874159064e-18
  ],
  [
   0.052728336890726736,
   0.061715644304191936,
   -0.01594906742978097
  ],
  [
   0.0596442131837669,
   0.03787946644354264,
   -0.034387570162420764
  ],
  [
   0.06450144064356547,
   0.015704630652429767,
   -0.04935411156111443
  ],
  [
   0.060349540282988716,
   -0.010206259162297254,
   -0.07312019514983906
  ],
  [
   0.06703960343491495,
   3.5061405563908264e-20,
   1.555901873333359e-19
  ],
  [
   0.06791521247008757,
   -0.03300494880184797,
   0.0027847590772679307
  ],
  [
   0.06612333018005963,
   -0.05425669103410526,
   -0.002797362871031068
  ],
  [
   0.06919780602485212,
   -0.07705894515900504,
   -0.008487969409703816
  ],
  [
   0.046191199647134674,
   -0.012621308944694945,
   0.006567939027170604
  ],
  [
   0.0410342453029485,
   -0.01621274686208943,
   -0.024600552951775115
  ],
  [
   0.0400938723341818,
   0.006367474161218012,
   -0.03051204593724953
  ],
  [
   0.05268959713992691,
   0.02389719971840663,
   -0.018547914777266902
  ],
  [
   0.019992880742897397,
   -0.007082601604510131,
   0.005389134393856392
  ],
  [
   0.023309117375996172,
   -0.00909118557583353,
   -0.023325848309840677
  ],
  [
   0.025097758488570987,
   0.0151678476162522,
   -0.0285716118121591
  ],
  [
   0.03802504776881563,
   0.03192224021479788,
   -0.015993010470666643
  ],
  [
   0.0,
   0.0,
   0.0
  ],
  [
   0.006659546196419082,
   -0.002912031515099474,
   -0.01993110081799278
  ],
  [
   0.00888417012716388,
   0.015823785486009233,
   -0.022554352547996773
  ],
  [
   0.012872724560619617,
   0.025785572219275563,
   -0.007326564538737206
  ]
 ],
 "14": [
  [
   0.021883893845946106,
   0.07886895918321105,
   -5.792305844467567e-19
  ],
  [
   0.05239362701076284,
   0.06148835940232657,
   -0.0159110610223646
  ],
  [
   0.07557038032169108,
   0.042876189756968164,
   -0.023977334633483286
  ],
  [
   0.09751546952922925,
   0.026958551163145526,
   -0.023430442139334682
  ],
  [
   0.12963558084335022,
   0.012740033527495474,
   -0.029438370125044414
  ],
  [
   0.06678511050021763,
   -2.9693840721940963e-19,
   -4.1644442064929693e-19
  ],
  [
   0.07557702228124138,
   -0.03163126255816417,
   0.003952220306851086
  ],
  [
   0.07639701968695795,
   -0.04626364611569976,
   -0.012770336900270057
  ],
  [
   0.06968830140888858,
   -0.04963870283982607,
   -0.03677369371994489
  ],
  [
   0.04601897675632824,
   -0.012602444207380653,
   0.0065481480558707145
  ],
  [
   0.039991501554008546,
   -0.015041873638807542,
   -0.02448063920154254
  ],
  [
   0.033065592464738454,
   -0.0016249580376660393,
   -0.04213051301283551
  ],
  [
   0.02197079998305017,
   0.013948101864081281,
   -0.05963399194524472
  ],
  [
   0.019913911474914142,
   -0.007069346438791995,
   0.005328876651578821
  ],
  [
   0.020819396232985784,
   -0.012835826044363216,
   -0.022953649891712464
  ],
  [
   0.010683124448869227,
   -0.0006079763276435101,
   -0.0420036297999502
  ],
  [
   -0.007652183732293618,
   0.0077952236890868,
   -0.05890362517874469
  ],
  [
   0.0,
   0.0,
   0.0
  ],
  [
   0.0035786985595866647,
   -0.009458098877367253,
   -0.018517747768346415
  ],
  [
   -0.005457869488735764,
   -0.0015373198922051397,
   -0.03317025459406369
  ],
  [
   -0.014532487684298115,
   0.012095643307591959,
   -0.04159699895944825
  ]
 ]
}