{
 "12": [
  [
   0.022381399511520943,
   0.07878699229160326,
   2.3318149883373303e-18
  ],
  [
   0.05268802199804006,
   0.06135533988436665,
   -0.015996188051310787
  ],
  [
   0.06044775498841986,
   0.032824548261099686,
   -0.02462166974242518
  ],
  [
   0.059629649477514625,
   0.006192108576706107,
   -0.029414084453360415
  ],
  [
   0.04124561180735905,
   -0.02146217874663303,
   -0.03874681494500647
  ],
  [
   0.06657782236934902,
   -1.2371954605700703e-18,
   1.5409438448903978e-18
  ],
  [
   0.04988921798034183,
   -0.01552964014855134,
   -0.02379855854684219
  ],
  [
   0.037241835956634904,
   -0.008740703146990216,
   -0.040656305063757656
  ],
  [
   0.04444629150072171,
   0.00631047155169068,
   -0.05721244206430495
  ],
  [
   0.04587861188808498,
   -0.012580619443244711,
   0.006477444977250977
  ],
  [
   0.03152644484805381,
   -0.014352813459534533,
   -0.021802228851342687
  ],
  [
   0.022165506505639875,
   0.0022696945586971836,
   -0.03522625573277755
  ],
  [
   0.021646690016167276,
   0.02605199622804913,
   -0.04418058437234187
  ],
  [
   0.019858347478393042,
   -0.007053904156059075,
   0.005295554199031748
  ],
  [
   0.014895679800894852,
   -0.018171534243263832,
   -0.020944556011210563
  ],
  [
   0.008598353578158368,
   0.001407140777817625,
   -0.034969806528979706
  ],
  [
   0.013360402937893789,
   0.025649579980005884,
   -0.03904788113566728
  ],
  [
   0.0,
   0.0,
   0.0
  ],
  [
   0.002277071992734693,
   -0.020974000616308056,
   -0.0021196958584643612
  ],
  [
   0.0024613199807081904,
   -0.039739885696695426,
   -0.005495275307181499
  ],
  [
   0.0036752059465559803,
   -0.06253094386372564,
   -0.013154897747755669
  ]
 ],
 "14": [
  [
   0.02232211467580782,
   0.078964127623408,
   -8.849694379577083e-19
  ],
  [
   0.05270500679883709,
   0.06156421364516015,
   -0.015967131024310174
  ],
  [
   0.07776789964475639,
   0.046082029049440476,
   -0.02497242784715689
  ],
  [
   0.07414667366634442,
   0.019178745977845794,
   -0.0249077429331256
  ],
  [
   0.04736461373757558,
   0.010854052052318958,
   -0.04242325015100998
  ],
  [
   0.06662675608071224,
   3.826195152269477e-19,
   -3.473219971590495e-19
  ],
  [
   0.05193479060946765,
   -0.018779022872074745,
   -0.022929512138412374
  ],
  [
   0.04490292124560677,
   -0.005917228285682052,
   -0.03974702196330258
  ],
  [
   0.0454067266703324,
   0.015292485778279095,
   -0.05248599231801977
  ],
  [
   0.04588058294614505,
   -0.012573027649514103,
   0.006465468122381588
  ],
  [
   0.030752817592587262,
   -0.019557166427872988,
   -0.020589494925248156
  ],
  [
   0.025098820642058525,
   -0.002256883260134319,
   -0.03528695277689713
  ],
  [
   0.02505805239612506,
   0.01794300006796779,
   -0.051381484605994926
  ],
  [
   0.019854516404972797,
   -0.0070346624539014925,
   0.00531225087863724
  ],
  [
   0.015054682854222083,
   -0.02271782958862295,
   -0.018475737528835898
  ],
  [
   0.010166537999484089,
   -0.011969251042900685,
   -0.0403231397031962
  ],
  [
   0.008314952178487168,
   0.0006966373118395426,
   -0.06237269497065677
  ],
  [
   0.0,
   0.0,
   0.0
  ],
  [
   0.0044474705358154894,
   -0.020299093363056055,
   -0.004531174983944726
  ],
  [
   0.008221103119114358,
   -0.03732183512267831,
   -0.012363548066105103
  ],
  [
   0.010964001501844756,
   -0.05810576436026371,
   -0.02473441406777747
  ]
 ]
}