{
 "2": [
  [
   0.022342344285684698,
   0.07902252432890176,
   -4.421500495209934e-19
  ],
  [
   0.05281689164278351,
   0.061567200925680694,
   -0.01600445614894211
  ],
  [
   0.07242990021965416,
   0.039160376846049075,
   -0.02334639583562944
  ],
  [
   0.0809785420127522,
   0.013821165522841777,
   -0.027425237805698905
  ],
  [
   0.07792093690052072,
   -0.018582133955265725,
   -0.03386619593385829
  ],
  [
   0.06683169968870985,
   5.853683361586268e-20,
   -8.355409502647994e-19
  ],
  [
   0.05712104692117464,
   -0.020526102999417734,
   -0.02381648197344488
  ],
  [
   0.05408013830724153,
   -0.0034037511206695477,
   -0.037623937226417166
  ],
  [
   0.06034162454064056,
   0.01987211795235864,
   -0.03869395385713705
  ],
  [
   0.04604350262492441,
   -0.012608063025694052,
   0.006538051785632018
  ],
  [
   0.03475464436013051,
   -0.02368817987578899,
   -0.020783194814361222
  ],
  [
   0.03276637435571926,
   -0.0031886955519135176,
   -0.03175569036454673
  ],
  [
   0.040364559680671104,
   0.0205405193482929,
   -0.034258052724599815
  ],
  [
   0.01992255465357744,
   -0.007077536703825886,
   0.005361871341656748
  ],
  [
   0.015300531722201888,
   -0.02251024639148509,
   -0.018301526343088723
  ],
  [
   0.015754364796823402,
   -0.0011426669013902247,
   -0.030980339903566946
  ],
  [
   0.02351043940874672,
   0.022102158325722463,
   -0.03292053033801877
  ],
  [
   0.0,
   0.0,
   0.0
  ],
  [
   -0.0016507150739955827,
   -0.01296796982132098,
   -0.016162406985314966
  ],
  [
   -0.00012739308381288868,
   0.0033029979232463693,
   -0.02573955895713148
  ],
  [
   0.004764440363761973,
   0.019731204060943485,
   -0.022062072612330227
  ]
 ],
 "4": [
  [
   0.021905161254152577,
   0.07875171228292187,
   -4.456510336018447e-19
  ],
  [
   0.05233468396059738,
   0.06130519091216071,
   -0.015832740070758976
  ],
  [
   0.05590724526266328,
   0.03739929766479023,
   -0.03452806784292547
  ],
  [
   0.052138214584058755,
   0.014253602549354764,
   -0.04769565189768977
  ],
  [
   0.031426671613123826,
   -0.012306969190468598,
   -0.051565606080766054
  ],
  [
   0.0664488951352014,
   -2.9005247090865344e-19,
   -9.6480943646452e-20
  ],
  [
   0.05699117876662676,
   -0.015843347303649516,
   -0.027112570233738226
  ],
  [
   0.05139551596304661,
   0.003619361551094083,
   -0.03566859740750513
  ],
  [
   0.06135232315235433,
   0.023305346298905384,
   -0.02989301494669819
  ],
  [
   0.045797300689092095,
   -0.012537420228843642,
   0.006518880472780258
  ],
  [
   0.03750167235698226,
   -0.016106219001377323,
   -0.023678054255023513
  ],
  [
   0.035161328696465835,
   0.005034616011304191,
   -0.032512889766137545
  ],
  [
   0.047929279264189835,
   0.023463790705347248,
   -0.024815884792923775
  ],
  [
   0.019823473442161958,
   -0.007043888012414286,
   0.0053436343203673966
  ],
  [
   0.019102444002128075,
   -0.012148794115974854,
   -0.022868624768101253
  ],
  [
   0.020800782689507906,
   0.011147035058657731,
   -0.030749548625432915
  ],
  [
   0.034374049766881395,
   0.028019829038099013,
   -0.02134922044025578
  ],
  [
   0.0,
   0.0,
   0.0
  ],
  [
   0.002580298445970771,
   -0.004535695296120003,
   -0.02021797543127184
  ],
  [
   0.005566007677421527,
   0.013248414082343738,
   -0.025746615324821042
  ],
  [
   0.01135384104055499,
   0.02485741974803633,
   -0.01321369486528413
  ]
 ],
 "5": [
  [
   0.022204672904794966,
   0.07895841913042169,
   8.227028756648589e-20
  ],
  [
   0.05267536700832417,
   0.06150618544129089,
   -0.015904792421427467
  ],
  [
   0.06695020552766001,
   0.0390452898981244,
   -0.030922589332177508
  ],
  [
   0.07096254770697302,
   0.015582884939227637,
   -0.043323045758531985
  ],
  [
   0.06123459138906878,
   -0.017087211249982838,
   -0.04961028961395671
  ],
  [
   0.06672180514127135,
   -7.385469283149007e-20,
   -2.883415753625351e-19
  ],
  [
   0.060569324068788656,
   -0.02055419013256041,
   -0.024705933187646887
  ],
  [
   0.055482655040025065,
   -0.008949146933015621,
   -0.04235805368469363
  ],
  [
   0.057901978857879455,
   0.01375515448639607,
   -0.04853894389931451
  ],
  [
   0.045961153832686105,
   -0.01258444504421507,
   0.0064942682622489345
  ],
  [
   0.040058588144834366,
   -0.02597344184379728,
   -0.021391660041147273
  ],
  [
   0.036872542464917904,
   -0.011075413338258224,
   -0.03828797540428144
  ],
  [
   0.04081095912358024,
   0.012978598278377504,
   -0.041978622251519625
  ],
  [
   0.01989392553573803,
   -0.007060927266809783,
   0.005316277681431077
  ],
  [
   0.02235723799285311,
   -0.022738809810739363,
   -0.01845045855217863
  ],
  [
   0.022983329875834613,
   -0.006108499592443927,
   -0.036425976489315545
  ],
  [
   0.027846710615926352,
   0.017934064435889813,
   -0.038384272056378274
  ],
  [
   0.0,
   0.0,
   0.0
  ],
  [
   0.00453585783038931,
   -0.012735430506614036,
   -0.015924207582733736
  ],
  [
   0.008200722672429599,
   -0.002553842303625741,
   -0.030825081676920198
  ],
  [
   0.012443190789354356,
   0.014989840565958007,
   -0.03292462408609471
  ]
 ]
}